Station,Model1_Height_m,Model2_Height_m,Displacement_mm,StdDev_Disp_mm,t_score,Congruence_Status
A,97.7122,97.7122,0.0,16.645293629131327,0.0,STABLE
B,99.8357,99.8357,0.0,18.299923497107848,0.0,STABLE
X,104.04790003333335,104.34789996666663,299.99993333328234,14.891668811788689,20.145487864717584,DISPLACED
Y,101.6194,101.6194,0.0,14.538115421195416,0.0,STABLE
Z,96.7848,96.7848,0.0,15.867476169826128,0.0,STABLE
